<!-- http://www.swixml.org - Swing UI XML based -->
<!-- Play List -->
<panel layout="BorderLayout" bundle="applet.favorites.PlayListTexts">
	<panel layout="GridLayout(3, 1)" constraints="BorderLayout.NORTH">
		<label text="HINT" font="Georgia-ITALIC-12"></label>
		<label text="HINT2" font="Georgia-ITALIC-12"></label>
		<panel layout="BorderLayout">
			<label text="REG_EXPR_FILTER" font="Georgia-ITALIC-12"
				constraints="BorderLayout.WEST"></label>
			<textfield constraints="BorderLayout.CENTER" id="filterField"></textfield>
		</panel>
	</panel>
	<scrollpane constraints="BorderLayout.CENTER">
		<playlisttable id="playListTable" initclass="applet.favorites.FavoritesModel"></playlisttable>
	</scrollpane>
	<vbox constraints="BorderLayout.EAST">
		<NiceButton ToolTipText="UNSORT_FAVORITES" ActionCommand="Unsort"
			PreferredSize="20,20" Enabled="false" id="unsort" icon="applet/icons/unsort.png"
			action="doUnsort" />
		<NiceButton ToolTipText="MOVE_UP_FAVORITE" ActionCommand="Uo"
			PreferredSize="20,20" Enabled="false" id="moveUp" icon="applet/icons/up.png"
			action="doMoveUp" />
		<NiceButton ToolTipText="MOVE_DOWN_FAVORITE" ActionCommand="Down"
			PreferredSize="20,20" Enabled="false" id="moveDown" icon="applet/icons/down.png"
			action="doMoveDown" />
	</vbox>
</panel>