<?xml version="1.0" encoding="ISO-8859-1"?>
<!--
 * Emulate Cybertracker:<BR>
 * 1. Freq Low /ch1 <BR>
 * 2. Freq High /ch1 <BR>
 * 3. Freq Low /ch2 <BR>
 * 4. Freq High /ch2 <BR>
 * 5. Freq Low /ch3 <BR>
 * 6. Freq Hight /ch3 <BR>
 * 7. Wave /ch1 <BR>
 * 8. Wave /ch2 <BR>
 * 9. Wave /ch3 <BR>
 * 10. A/D /ch1 <BR>
 * 11. A/D /ch2 <BR>
 * 12. A/D /ch3 <BR>
 * 14. S/R /ch1 <BR>
 * 15. S/R /ch2 <BR>
 * 16. S/R /ch3 <BR>
 * 17. Pulse /low /ch1 <BR>
 * 18. Pulse /high /ch1 <BR>
 * 19. Pulse /low /ch2 <BR>
 * 20. Pulse /high /ch2 <BR>
 * 21. Pulse /low /ch3 <BR>
 * 22. Pulse /high /ch3 <BR>
 * 23. Reso./Filter Voice 1,2,3 <BR>
 * 24. Filter Mode + Volume <BR>
 * 25. Filter Cutoff low <BR>
 * 26. Filter Cutoff High <BR>
 -->
<SIDDUMP>
	<PLAYER name="VIBRANTS_LAXITY">
		<REGS>
			<REG>VOL</REG>

			<REG>ATTACK_DECAY_3</REG> <REG>SUSTAIN_RELEASE_3</REG>
			<REG>WAVEFORM_3</REG>
			<REG>PULSE_LO_3</REG> <REG>PULSE_HI_3</REG>
			<REG>FREQ_LO_3</REG> <REG>FREQ_HI_3</REG>

			<REG>ATTACK_DECAY_2</REG> <REG>SUSTAIN_RELEASE_2</REG>
			<REG>WAVEFORM_2</REG>
			<REG>PULSE_LO_2</REG> <REG>PULSE_HI_2</REG>
			<REG>FREQ_LO_2</REG> <REG>FREQ_HI_2</REG>

			<REG>ATTACK_DECAY_1</REG> <REG>SUSTAIN_RELEASE_1</REG>
			<REG>WAVEFORM_1</REG>
			<REG>PULSE_LO_1</REG> <REG>PULSE_HI_1</REG>
			<REG>FREQ_LO_1</REG> <REG>FREQ_HI_1</REG>

			<REG>FILTERFREQ_LO</REG> <REG>FILTERFREQ_HI</REG>
			<REG>FILTERCTRL</REG>
		</REGS>
	</PLAYER>
	<PLAYER name="CYBERTRACKER">
		<REGS>
			<REG>FREQ_LO_1</REG> <REG>FREQ_HI_1</REG>
			<REG>FREQ_LO_2</REG> <REG>FREQ_HI_2</REG>
			<REG>FREQ_LO_3</REG> <REG>FREQ_HI_3</REG>
			
			<REG>WAVEFORM_1</REG>
			<REG>WAVEFORM_2</REG>
			<REG>WAVEFORM_3</REG>
			
			<REG>ATTACK_DECAY_1</REG> 
			<REG>ATTACK_DECAY_2</REG> 
			<REG>ATTACK_DECAY_3</REG> 

			<REG>SUSTAIN_RELEASE_1</REG>
			<REG>SUSTAIN_RELEASE_2</REG>
			<REG>SUSTAIN_RELEASE_3</REG>

			<REG>PULSE_LO_1</REG> <REG>PULSE_HI_1</REG>
			<REG>PULSE_LO_2</REG> <REG>PULSE_HI_2</REG>
			<REG>PULSE_LO_3</REG> <REG>PULSE_HI_3</REG>
			
			<REG>FILTERCTRL</REG>
			<REG>VOL</REG>
			<REG>FILTERFREQ_LO</REG> <REG>FILTERFREQ_HI</REG>
		</REGS>
	</PLAYER>
</SIDDUMP>
